title,text,text_clean,text_lemma
"Путин рассказал об урегулировании конфликта на Украине и сотрудничестве с Индией Вчера, 20:37","МОСКВА, 4 дек — РИА Новости. Владимир Путин в преддверии визита в Индию дал интервью телеканалу India Today. Он рассказал о сотрудничестве России и Индии в разных областях, ситуации вокруг украинского кризиса и перспективах отношений с США. Ключевые заявления — в материале РИА Новости. Президент назвал СВО попыткой закончить войну, развязанную Западом. Он добавил, что Москва защищает свои интересы и людей, а менталитет киевских властей напоминает неонацистский режим. Своим решением продолжить конфликт они практически загнали себя в угол. Путин также подчеркнул, что Россия не аннексировала Крым, а пришла на помощь его жителям, которые не хотели связывать свою жизнь с теми, кто устроил госпереворот на Украине. Кроме того, российский лидер высказался о стремлении Вашингтона урегулировать ситуацию на Украине и заявил, что искренне верит в гуманитарные соображения, которыми руководствуется президент США Дональд Трамп. При этом политические и экономические интересы тоже играют роль в усилиях американского лидера добиться мира. Путин обратил внимание на взаимодействие двух государств в оборонной, торговой и энергетической сферах. Он подчеркнул, что отношения Москвы и Нью-Дели не причиняют вреда третьим странам. Помимо этого, глава государства рассказал, что Россия не просто продает Индии оборонные технологии, а делится ими. Это редкость в области военного сотрудничества и говорит об уровне доверия. Президент также признался, что очень хотел бы, чтобы национальные цели двух стран совпадали: Как отметил Путин, восстановление экономических отношений между Москвой и Вашингтоном было бы полезно во многих областях. Он добавил, что крупные американские компании направляют письма, в которых просят не забывать о том, что они есть. Кроме того, США по-прежнему покупают топливо для атомных электростанций у России. Нужно шире использовать возможности Нового банка развития объединения и применения национальных валют. Президент отметил, что в этом вопросе никуда нельзя спешить, чтобы избежать грубых ошибок. Он привел в пример Европу, где ввели систему единой валюты, когда некоторые страны были к этому не готовы. Реинтеграция Советского Союза невозможна и бессмысленна, таких целей нет, подчеркнул Путин. При этом на Западе продолжают говорить о том, что Россия мечтает вернуть СССР. Российский лидер добавил, что не стал бы перекладывать ответственность за распад советского государства на отдельных людей, отметив, что в целом несостоятельной оказалась сама система.",владимир преддверии визита индию дал интервью телеканалу india today рассказал сотрудничестве россии индии разных областях ситуации вокруг украинского кризиса перспективах отношений ключевые заявления материале президент назвал сво попыткой закончить войну развязанную западом защищает свои интересы людей менталитет киевских властей напоминает неонацистский режим своим решением продолжить конфликт практически загнали себя угол подчеркнул аннексировала крым пришла помощь жителям которые хотели связывать свою жизнь теми кто устроил госпереворот украине кроме того российский лидер высказался стремлении вашингтона урегулировать ситуацию украине искренне верит гуманитарные соображения которыми руководствуется президент дональд трамп политические экономические интересы тоже играют роль усилиях американского лидера добиться мира обратил внимание взаимодействие двух государств оборонной торговой энергетической сферах подчеркнул отношения москвы нью дели причиняют вреда третьим странам помимо этого глава государства рассказал просто продает индии оборонные технологии делится ими это редкость области военного сотрудничества говорит уровне доверия президент признался очень хотел чтобы национальные цели двух стран совпадали восстановление экономических отношений между москвой вашингтоном было полезно многих областях крупные американские компании направляют письма которых просят забывать том есть кроме того прежнему покупают топливо атомных электростанций россии нужно шире использовать возможности нового банка развития объединения применения национальных валют президент вопросе никуда нельзя спешить чтобы избежать грубых ошибок привел пример европу где ввели систему единой валюты когда некоторые страны были этому готовы реинтеграция советского союза невозможна бессмысленна таких целей нет подчеркнул западе продолжают говорить том мечтает вернуть ссср российский лидер стал перекладывать ответственность распад советского государства отдельных людей отметив целом несостоятельной оказалась сама система,владимир преддверие визит индия дать интервью телеканал india today рассказать сотрудничество россия индия разный область ситуация вокруг украинский кризис перспектива отношение ключевой заявление материал президент назвать сво попытка закончить война развязать запад защищать свой интерес человек менталитет киевский власть напоминать неонацистский режим свой решение продолжить конфликт практически загнать себя угол подчеркнуть аннексировать крым прийти помощь житель который хотеть связывать свой жизнь тот кто устроить госпереворот украина кроме тот российский лидер высказаться стремление вашингтон урегулировать ситуация украина искренне верить гуманитарный соображение который руководствоваться президент дональд трамп политический экономический интерес тоже играть роль усилие американский лидер добиться мир обратить внимание взаимодействие два государство оборонный торговый энергетический сфера подчеркнуть отношение москва нью дели причинять вред третий страна помимо это глава государство рассказать просто продавать индия оборонный технология делиться они это редкость область военный сотрудничество говорить уровень доверие президент признаться очень хотеть чтобы национальный цель два страна совпадать восстановление экономический отношение между москва вашингтон быть полезно многий область крупный американский компания направлять письмо который просить забывать тот есть кроме тот прежний покупать топливо атомный электростанция россия нужно широкий использовать возможность новый банк развитие объединение применение национальный валюта президент вопрос никуда нельзя спешить чтобы избежать грубый ошибка привести пример европа где ввести система единый валюта когда некоторый страна быть этот готовый реинтеграция советский союз невозможный бессмысленный такой цель нет подчеркнуть запад продолжать говорить тот мечтать вернуть ссср российский лидер стать перекладывать ответственность распад советский государство отдельный человек отметить целое несостоятельный оказаться сам система
"МВФ призвал соблюдать международное право в отношении замороженных российских активов Вчера, 21:45","ВАШИНГТОН, 4 дек — РИА Новости. В отношении российских замороженных средств должно соблюдаться международное право, заявила директор по коммуникациям МВФ Джули Козак. Сегодня официальный представитель МИД Мария Захарова предупредила, что Москва готовит ответные меры на случай изъятия ее активов Европейским союзом. Она также назвала идею Брюсселя использовать чужие средства для ""репарационного кредита"" Киеву неадекватной. Дипломат отметила, что этот план нанесет ущерб самому объединению. После начала спецоперации Евросоюз и страны G7 заблокировали около половины российских валютных резервов. Более 200 миллиардов евро находится в ЕС, в основном на счетах Euroclear — одной из крупнейших в мире расчетно-клиринговых систем, ее офис располагается в Бельгии. Брюссель, обещавший помогать Киеву настолько долго, насколько потребуется, исчерпал все имевшиеся ресурсы, а выделять деньги из собственного бюджета страны сообщества не хотят. На этом фоне Еврокомиссия добивается согласия Бельгии на использование российских активов. Речь идет о сумме в размере от 185 до 210 миллиардов евро в рамках так называемого репарационного кредита. Утверждается, что Украина вернет его после окончания конфликта, если Москва ""выплатит ей материальный ущерб"". В качестве ответной меры Москва ввела ограничения: активы иностранных инвесторов из недружественных стран и доходы от них аккумулируются на специальных счетах типа ""С"". Выводить их можно только по решению специальной правительственной комиссии.",вашингтон отношении российских замороженных средств должно соблюдаться международное право заявила директор коммуникациям мвф джули козак сегодня официальный представитель мария захарова предупредила готовит ответные меры случай изъятия активов европейским союзом она назвала идею брюсселя использовать чужие средства репарационного кредита киеву неадекватной дипломат отметила этот план нанесет ущерб самому объединению начала спецоперации евросоюз страны заблокировали около половины российских валютных резервов более миллиардов находится основном счетах euroclear одной крупнейших мире расчетно клиринговых систем офис располагается бельгии брюссель обещавший помогать киеву настолько долго насколько потребуется исчерпал все имевшиеся ресурсы выделять деньги собственного бюджета страны сообщества хотят фоне еврокомиссия добивается согласия бельгии использование российских активов речь идет сумме размере миллиардов рамках называемого репарационного кредита утверждается вернет окончания конфликта если выплатит материальный ущерб качестве ответной меры ввела ограничения активы иностранных инвесторов недружественных стран доходы них аккумулируются специальных счетах типа выводить можно только решению специальной правительственной комиссии,вашингтон отношение российский заморозить средство должный соблюдаться международный право заявить директор коммуникация мвф джуля козак сегодня официальный представитель мария захаров предупредить готовить ответный мера случай изъятие актив европейский союз она назвать идея брюссель использовать чужой средство репарационный кредит киев неадекватный дипломат отметить этот план нанести ущерб сам объединение начало спецоперация евросоюз страна заблокировать около половина российский валютный резерв более миллиард находиться основное счёт euroclear один крупный мир расчётный клиринговый система офис располагаться бельгия брюссель обещать помогать киев настолько долго насколько потребоваться исчерпать всё иметься ресурс выделять деньга собственный бюджет страна сообщество хотеть фон еврокомиссия добиваться согласие бельгия использование российский актив речь идти сумма размер миллиард рамка называть репарационный кредит утверждаться вернуть окончание конфликт если выплатить материальный ущерб качество ответный мера ввести ограничение актив иностранный инвестор недружественный страна доход они аккумулироваться специальный счёт тип выводить можно только решение специальный правительственный комиссия
"Турция выразила Киеву озабоченность из-за атак ВСУ на суда в Черном море Вчера, 18:30","АНКАРА, 4 дек — РИА Новости. Турция выразила послу Украины обеспокоенность атаками ВСУ на суда в Черном море, сообщил источник РИА Новости. ""Встреча с украинским послом (Нериманом Джелялом. — Прим. ред.) в Анкаре состоялась в начале недели, была доведена озабоченность Турции последними инцидентами на Черном море"", — сказал собеседник агентства. Во вторник Управление мореходства Турции сообщило, что российский танкер MIDVOLGA-2 с подсолнечным маслом подвергся атаке. Необходимости в помощи не возникло. В прошлую пятницу в 28 милях от Турции в Черном море загорелся танкер Kairos под флагом Гамбии, шедший в Новороссийск. Оттуда эвакуировали 25 членов экипажа. Пожар потушили лишь спустя почти двое суток. В этот же день удару подвергся танкер Virat, находившийся в 35 милях от турецких берегов. Экипаж из 20 человек отказался покидать судно. В субботу его снова атаковали безэкипажные морские катера. Как отметила представитель МИД России Мария Захарова , в этих терактах киевский режим задействовал те же силы, которые однажды уже сорвали диалог по урегулированию и теперь вновь добиваются вооруженной эскалации. В свою очередь, пресс-секретарь президента Дмитрий Песков назвал украинские атаки посягательством на суверенитет Турции.",анкара турция выразила послу украины обеспокоенность атаками суда черном море источник встреча украинским послом нериманом джелялом прим ред анкаре состоялась начале недели была доведена озабоченность турции последними инцидентами черном море собеседник агентства вторник управление мореходства турции сообщило российский танкер midvolga подсолнечным маслом подвергся атаке необходимости помощи возникло прошлую пятницу милях турции черном море загорелся танкер kairos флагом гамбии шедший новороссийск оттуда эвакуировали членов экипажа пожар потушили лишь спустя почти двое суток этот день удару подвергся танкер virat находившийся милях турецких берегов экипаж человек отказался покидать судно субботу снова атаковали безэкипажные морские катера отметила представитель россии мария захарова этих терактах киевский режим задействовал силы которые однажды уже сорвали диалог урегулированию теперь вновь добиваются вооруженной эскалации свою очередь пресс секретарь президента дмитрий песков назвал украинские атаки посягательством суверенитет турции,анкара турция выразить посол украина обеспокоенность атака суд чёрный море источник встреча украинский посол нериман джелял прим ред анкара состояться начало неделя быть довести озабоченность турция последний инцидент чёрный море собеседник агентство вторник управление мореходство турция сообщить российский танкер midvolga подсолнечный масло подвергнуться атака необходимость помощь возникнуть прошлый пятница миля турция чёрный море загореться танкер kairos флаг гамбия идти новороссийск оттуда эвакуировать член экипаж пожар потушить лишь спустя почти двое сутки этот день удар подвергнуться танкер virat находиться миля турецкий берег экипаж человек отказаться покидать судно суббота снова атаковать безэкипажный морской катер отметить представитель россия мария захаров этот теракт киевский режим задействовать сила который однажды уже сорвать диалог урегулирование теперь вновь добиваться вооружённый эскалация свой очередь пресс секретарь президент дмитрий песок назвать украинский атака посягательство суверенитет турция
"Системы ПВО сбили 44 украинских дрона над пятью российскими регионами Вчера, 23:25","МОСКВА, 4 дек — РИА Новости. Силы противовоздушной обороны сбили 44 дрона ВСУ над пятью российскими регионами, сообщило Минобороны. Так, российские бойцы сбили 30 БПЛА над Курской областью , восемь — над Ростовской, три — над Белгородской, два — над Воронежской и один — над Брянской. В ответ на атаки ВСУ на гражданскую инфраструктуру российские войска наносят удары высокоточным оружием воздушного, морского и наземного базирования, а также дронами исключительно по военным объектам и предприятиям украинского ВПК.",силы противовоздушной обороны сбили дрона над пятью российскими регионами сообщило минобороны российские бойцы сбили бпла над курской областью восемь над ростовской три над белгородской два над воронежской один над брянской ответ атаки гражданскую инфраструктуру российские войска наносят удары высокоточным оружием воздушного морского наземного базирования дронами исключительно военным объектам предприятиям украинского впк,сила противовоздушный оборона сбить дрон над пять российский регион сообщить минобороны российский боец сбить бпнуть над курский область восемь над ростовский три над белгородский два над воронежский один над брянский ответ атака гражданский инфраструктура российский войско наносить удар высокоточный оружие воздушный морской наземный базирование дрон исключительно военный объект предприятие украинский впк
"В России заблокировали SnapChat Вчера, 19:17","МОСКВА, 4 дек — РИА Новости. Роскомнадзор заблокировал SnapChat на территории России. В ведомстве добавили, что мессенджер используется для организации терактов и вербовки их исполнителей, а также совершения мошеннических и других преступлений против россиян. Ранее РКН ввел ограничения против встроенного сервиса видеосвязи от Apple — FaceTime. Как заявил РИА Новости член комитета Госдумы по информационной политике, технологиям и связи Антон Немкин, такое решение оправданно, так как в приоритете защита граждан. Он добавил, что многие международные компании игнорируют требования законодательства, поэтому остается только один механизм — ограничительные меры, чтобы закрыть преступникам каналы связи.",роскомнадзор заблокировал snapchat территории россии ведомстве добавили мессенджер используется организации терактов вербовки исполнителей совершения мошеннических других преступлений против россиян ранее ркн ввел ограничения против встроенного сервиса видеосвязи apple facetime член комитета госдумы информационной политике технологиям связи антон немкин такое решение оправданно приоритете защита граждан многие международные компании игнорируют требования законодательства поэтому остается только один механизм ограничительные меры чтобы закрыть преступникам каналы связи,роскомнадзор заблокировать snapchat территория россия ведомство добавить мессенджер использоваться организация теракт вербовка исполнитель совершение мошеннический другой преступление против россиянин ранее ркн ввести ограничение против встроить сервис видеосвязь apple facetime член комитет госдума информационный политика технология связь антон немкина такой решение оправданный приоритет защита гражданин многие международный компания игнорировать требование законодательство поэтому оставаться только один механизм ограничительный мера чтобы закрыть преступник канал связь
"В США раскрыли, какой ""сюрприз"" ждет Украину Вчера, 13:39","МОСКВА, 4 дек — РИА Новости. Бывший верховный главнокомандующий объединенными вооруженными силами НАТО в Европе Джеймс Ставридис изложил суровую правду относительно помощи Украине. Об этом он написал в статье для Bloomberg. ""ЕС, как и НАТО, обычно действует на основе консенсуса: остановить инициативу может одна страна. (В данном случае это, скорее всего, Бельгия или Венгрия Виктора Орбана…)"" — говорится в материале. Кроме того, по его мнению, действия США по урегулированию украинского конфликта могут столкнуться с трудностями. Так, премьер-министр Бельгии Барт Де Вевер указывал, что заем на репарационный кредит Украине под замороженные российские активы в нынешнем виде может стать ""камнем преткновения"" на параллельных переговорах между американской администрацией и Россией, напомнил Ставридис. Еврокомиссия пытается добиться согласия стран ЕС на использование российских суверенных активов для Киева . Обсуждается сумма от 185 миллиардов евро до 210 миллиардов евро в виде кредита, который Украина условно должна будет вернуть после окончания конфликта и в случае ""выплаты ей Москвой материального ущерба"". При этом в МИД уже заявляли, что идеи ЕС о выплате Россией репараций украинской стороне оторваны от реальности, Брюссель давно занимается воровством активов России. В качестве ответной меры на заморозку активов Россия ввела собственные ограничения: активы иностранных инвесторов из недружественных стран и доходы от них аккумулируются на специальных счетах типа ""С"". Выводить их можно только по решению специальной правительственной комиссии.",бывший верховный главнокомандующий объединенными вооруженными силами нато европе джеймс ставридис изложил суровую правду относительно помощи украине написал статье bloomberg нато обычно действует основе консенсуса остановить инициативу может одна страна данном случае это скорее всего бельгия или венгрия виктора орбана говорится материале кроме того мнению действия урегулированию украинского конфликта могут столкнуться трудностями премьер министр бельгии барт вевер указывал заем репарационный кредит украине замороженные российские активы нынешнем виде может стать камнем преткновения параллельных переговорах между американской администрацией россией напомнил ставридис еврокомиссия пытается добиться согласия стран использование российских суверенных активов киева обсуждается сумма миллиардов миллиардов виде кредита который условно должна будет вернуть окончания конфликта случае выплаты москвой материального ущерба уже заявляли идеи выплате россией репараций украинской стороне оторваны реальности брюссель давно занимается воровством активов россии качестве ответной меры заморозку активов ввела собственные ограничения активы иностранных инвесторов недружественных стран доходы них аккумулируются специальных счетах типа выводить можно только решению специальной правительственной комиссии,бывший верховный главнокомандующий объединить вооружённый сила нато европа джеймс ставридис изложить суровый правда относительно помощь украина написать статья bloomberg нато обычно действовать основа консенсус остановить инициатива мочь один страна данный случай это скорее весь бельгия или венгрия виктор орбан говориться материал кроме тот мнение действие урегулирование украинский конфликт мочь столкнуться трудность премьер министр бельгия барт вевера указывать заесть репарационный кредит украина заморозить российский актив нынешний вид мочь стать камень преткновение параллельный переговоры между американский администрация россия напомнить ставридис еврокомиссия пытаться добиться согласие страна использование российский суверенный актив киев обсуждаться сумма миллиард миллиард вид кредит который условно должный быть вернуть окончание конфликт случай выплата москва материальный ущерб уже заявлять идея выплата россия репарация украинский сторона оторвать реальность брюссель давно заниматься воровство актив россия качество ответный мера заморозка актив ввести собственный ограничение актив иностранный инвестор недружественный страна доход они аккумулироваться специальный счёт тип выводить можно только решение специальный правительственный комиссия
"Россия готовит ответные меры на случай изъятия ее активов, заявила Захарова Вчера, 14:47","С.-ПЕТЕРБУРГ, 4 дек — РИА Новости. Москва готовит ответные меры на случай изъятия ее активов Европейским союзом, заявила официальный представитель МИД Мария Захарова. ""Любые противоправные действия с нашими активами не останутся без самой жесткой реакции. <...> Подготовка пакета ответных мер на случай фактического воровства, изъятия активов Российской Федерации уже ведется"", — сказала она на брифинге. Дипломат не уточнила, каким именно будет ответ, но подчеркнула, что ЕС станет о нем известно. Официальный представитель МИД назвала идею ЕС использовать чужие средства для ""репарационного кредита"" Киеву неадекватной. По ее словам, этот план нанесет ущерб самому объединению. После начала спецоперации Евросоюз и страны G7 заблокировали около половины российских валютных резервов . Более 200 миллиардов евро находится в ЕС, в основном на счетах Euroclear — одной из крупнейших в мире расчетно-клиринговых систем, ее офис располагается в Бельгии. Брюссель, обещавший помогать Киеву настолько долго, насколько потребуется, исчерпал все имевшиеся ресурсы, а выделять деньги из собственного бюджета страны сообщества не хотят. На этом фоне Еврокомиссия добивается согласия Бельгии на использование российских активов. Речь идет о сумме в размере от 185 до 210 миллиардов евро в рамках так называемого репарационного кредита. Утверждается, что Украина вернет его после окончания конфликта, если Москва ""выплатит ей материальный ущерб"". В качестве ответной меры Москва ввела ограничения: активы иностранных инвесторов из недружественных стран и доходы от них аккумулируются на специальных счетах типа ""С"". Выводить их можно только по решению специальной правительственной комиссии.",петербург готовит ответные меры случай изъятия активов европейским союзом заявила официальный представитель мария захарова любые противоправные действия нашими активами останутся без самой жесткой реакции подготовка пакета ответных мер случай фактического воровства изъятия активов российской федерации уже ведется сказала она брифинге дипломат уточнила каким именно будет ответ подчеркнула станет нем известно официальный представитель назвала идею использовать чужие средства репарационного кредита киеву неадекватной словам этот план нанесет ущерб самому объединению начала спецоперации евросоюз страны заблокировали около половины российских валютных резервов более миллиардов находится основном счетах euroclear одной крупнейших мире расчетно клиринговых систем офис располагается бельгии брюссель обещавший помогать киеву настолько долго насколько потребуется исчерпал все имевшиеся ресурсы выделять деньги собственного бюджета страны сообщества хотят фоне еврокомиссия добивается согласия бельгии использование российских активов речь идет сумме размере миллиардов рамках называемого репарационного кредита утверждается вернет окончания конфликта если выплатит материальный ущерб качестве ответной меры ввела ограничения активы иностранных инвесторов недружественных стран доходы них аккумулируются специальных счетах типа выводить можно только решению специальной правительственной комиссии,петербург готовить ответный мера случай изъятие актив европейский союз заявить официальный представитель мария захаров любой противоправный действие наш актив остаться без сам жёсткий реакция подготовка пакет ответный мера случай фактический воровство изъятие актив российский федерация уже вестись сказать она брифинг дипломат уточнить какой именно быть ответ подчеркнуть стать немой известно официальный представитель назвать идея использовать чужой средство репарационный кредит киев неадекватный слово этот план нанести ущерб сам объединение начало спецоперация евросоюз страна заблокировать около половина российский валютный резерв более миллиард находиться основное счёт euroclear один крупный мир расчётный клиринговый система офис располагаться бельгия брюссель обещать помогать киев настолько долго насколько потребоваться исчерпать всё иметься ресурс выделять деньга собственный бюджет страна сообщество хотеть фон еврокомиссия добиваться согласие бельгия использование российский актив речь идти сумма размер миллиард рамка называть репарационный кредит утверждаться вернуть окончание конфликт если выплатить материальный ущерб качество ответный мера ввести ограничение актив иностранный инвестор недружественный страна доход они аккумулироваться специальный счёт тип выводить можно только решение специальный правительственный комиссия
"Российским самбистам вернули право выступать на турнирах с флагом и гимном Вчера, 15:10","МОСКВА, 4 дек - РИА Новости. Исполком Международной федерации самбо (FIAS) вернул спортсменам сборной России право выступать на международных соревнованиях с гимном страны и с национальной символикой, сообщил министр спорта Михаил Дегтярев в Telegram-канале. Отечественные самбисты полноценно вернутся с 1 января 2026 года. ""В октябре эта норма была применена для юношей и юниоров, теперь - распространена на все возрастные категории"", - заявил Дегтярев. 27 ноября исполком Международной федерации дзюдо (IJF) проголосовал за возвращение права россиянам участвовать в международных соревнованиях с национальной символикой. На прошедшем турнире Большого шлема в Абу-Даби Россия выиграла две золотые и четыре серебряных медали и стала победителем общего медального зачета соревнований в ОАЭ. В честь победителей звучал гимн России.",исполком международной федерации самбо fias вернул спортсменам сборной россии право выступать международных соревнованиях гимном страны национальной символикой министр спорта михаил дегтярев telegram канале отечественные самбисты полноценно вернутся января октябре эта норма была применена юношей юниоров теперь распространена все возрастные категории дегтярев ноября исполком международной федерации дзюдо ijf проголосовал возвращение права россиянам участвовать международных соревнованиях национальной символикой прошедшем турнире большого шлема абу даби выиграла две золотые четыре серебряных медали стала победителем общего медального зачета соревнований оаэ честь победителей звучал гимн россии,исполком международный федерация самбо fias вернуть спортсмен сборная россия право выступать международный соревнование гимн страна национальный символика министр спорт михаил дегтярёв telegram канал отечественный самбист полноценно вернуться январь октябрь этот норма быть применить юноша юниор теперь распространить всё возрастной категория дегтярёв ноябрь исполком международный федерация дзюдо ijf проголосовать возвращение право россиянин участвовать международный соревнование национальный символика прошедшее турнир большой шлем абу даби выиграть два золотой четыре серебряный медаль стать победитель общий медальный зачёт соревнование оаэ честь победитель звучать гимн россия
"СМИ: близкий союзник нанес Украине и Европе ""смертельный удар"" Вчера, 16:40","МОСКВА, 4 дек — РИА Новости. Отказ премьер-министра Бельгии Барта де Вевера от плана по конфискации российских активов во время октябрьского саммита стал ""смертельным ударом"" для Киева и союзников, пишет Politico. ""Отказ Бельгии выбил почву из-под ног европейского альянса по Украине в критический момент"", — говорится в материале. Подчеркивается также, что после октябрьского саммита Зеленский и Европа были ослаблены противоречиями, так как несогласие Брюсселя с планом по конфискации российских активов не позволило послать так называемый мощный сигнал Владимиру Путину . Кроме того, именно в это время президент США Дональд Трамп возобновил продвижение своих мирных инициатив по Украине. В пятницу, 28 ноября, премьер Бельгии направил в Еврокомиссию письмо, в котором говорится, что поспешная реализация плана по использованию замороженных российских активов для финансирования Украины разрушит шансы на потенциальное мирное соглашение. Письмо де Вевера было направлено за три недели до того, как лидеры ЕС должны провести саммит для решения вопроса о дальнейшем финансировании Киева . Еврокомиссия одержимо пытается добиться согласия стран ЕС на использование российских суверенных активов для Киева. Обсуждается сумма от 185 до 210 миллиардов евро в виде кредита, который Украина условно должна будет вернуть после окончания конфликта и в случае ""выплаты ей Москвой материального ущерба"". При этом в МИД России уже заявляли, что идеи ЕС о выплате репараций украинской стороне оторваны от реальности, Брюссель давно занимается воровством активов. После начала спецоперации на Украине ЕС и страны G7 заморозили почти половину золотовалютных резервов Москвы примерно на 300 миллиардов евро. Из них более 200 миллиардов находятся в Евросоюзе, в том числе 180 миллиардов на счетах бельгийской Euroclear — одной из крупнейших в мире расчетно-клиринговых систем. Еврокомиссия сообщала, что ЕС с января по ноябрь 2025 года перевел Украине 18,1 миллиарда евро из доходов от замороженных активов.",отказ премьер министра бельгии барта вевера плана конфискации российских активов время октябрьского саммита стал смертельным ударом киева союзников пишет politico отказ бельгии выбил почву ног европейского альянса украине критический момент говорится материале подчеркивается октябрьского саммита зеленский европа были ослаблены противоречиями несогласие брюсселя планом конфискации российских активов позволило послать называемый мощный сигнал владимиру путину кроме того именно это время президент дональд трамп возобновил продвижение своих мирных инициатив украине пятницу ноября премьер бельгии направил еврокомиссию письмо котором говорится поспешная реализация плана использованию замороженных российских активов финансирования украины разрушит шансы потенциальное мирное соглашение письмо вевера было направлено три недели того лидеры должны провести саммит решения вопроса дальнейшем финансировании киева еврокомиссия одержимо пытается добиться согласия стран использование российских суверенных активов киева обсуждается сумма миллиардов виде кредита который условно должна будет вернуть окончания конфликта случае выплаты москвой материального ущерба россии уже заявляли идеи выплате репараций украинской стороне оторваны реальности брюссель давно занимается воровством активов начала спецоперации украине страны заморозили почти половину золотовалютных резервов москвы примерно миллиардов них более миллиардов находятся евросоюзе том числе миллиардов счетах бельгийской euroclear одной крупнейших мире расчетно клиринговых систем еврокомиссия сообщала января ноябрь перевел украине миллиарда доходов замороженных активов,отказ премьер министр бельгия барт вевера план конфискация российский актив время октябрьский саммит стать смертельный удар киев союзник писать politico отказ бельгия выбить почва нога европейский альянс украина критический момент говориться материал подчёркиваться октябрьский саммит зеленский европа быть ослабить противоречие несогласие брюссель план конфискация российский актив позволить послать называть мощный сигнал владимир путин кроме тот именно это время президент дональд трамп возобновить продвижение свой мирный инициатива украина пятница ноябрь премьер бельгия направить еврокомиссия письмо который говориться поспешный реализация план использование заморозить российский актив финансирование украина разрушить шанс потенциальный мирный соглашение письмо вевера быть направить три неделя тот лидер должный провести саммит решение вопрос дальнейший финансирование киев еврокомиссия одержимый пытаться добиться согласие страна использование российский суверенный актив киев обсуждаться сумма миллиард вид кредит который условно должный быть вернуть окончание конфликт случай выплата москва материальный ущерб россия уже заявлять идея выплата репарация украинский сторона оторвать реальность брюссель давно заниматься воровство актив начало спецоперация украина страна заморозить почти половина золотовалютный резерв москва примерно миллиард они более миллиард находиться евросоюз тот число миллиард счёт бельгийский euroclear один крупный мир расчётный клиринговый система еврокомиссия сообщать январь ноябрь перевести украина миллиард доход заморозить актив
"Защита Лурье предлагала Долиной мировое соглашение, рассказала адвокат Вчера, 13:18","МОСКВА, 4 дек — РИА Новости. Защита Полины Лурье предлагала Ларисе Долиной заключить мировое соглашение, рассказала РИА Новости адвокат Лурье Светлана Свириденко. Но сторона Долиной отвергла соглашение, добавила адвокат. Лариса Долина летом прошлого года заявила, что стала жертвой мошенников, заставивших ее продать квартиру в центре Москвы . Аферисты обрабатывали певицу в течение четырех месяцев и под предлогом сохранения денег уговорили ее перевести на якобы безопасные счета и передать курьеру сбережения и средства от продажи квартиры. Общий ущерб оценивается не менее чем в 317 миллионов рублей. По этому делу задержали четырех человек, в конце минувшего ноября Балашихинский городской суд приговорил их к лишению свободы на срок от четырех до семи лет и оштрафовал каждого на 900 тысяч рублей. Наряду с этим Долина оспорила сделку о продаже квартиры, а Хамовнический районный суд Москвы в марте удовлетворил ее иск. В результате Лурье осталась и без денег, и без жилья. Мосгорсуд и Второй кассационный суд признали это решение законным. После этого Лурье обратилась в Верховный суд.",защита полины лурье предлагала ларисе долиной заключить мировое соглашение рассказала адвокат лурье светлана свириденко сторона долиной отвергла соглашение добавила адвокат лариса долина летом прошлого заявила стала жертвой мошенников заставивших продать квартиру центре москвы аферисты обрабатывали певицу течение четырех месяцев предлогом сохранения денег уговорили перевести якобы безопасные счета передать курьеру сбережения средства продажи квартиры общий ущерб оценивается менее чем миллионов рублей этому делу задержали четырех человек конце минувшего ноября балашихинский городской суд приговорил лишению свободы срок четырех семи лет оштрафовал каждого тысяч рублей наряду этим долина оспорила сделку продаже квартиры хамовнический районный суд москвы марте удовлетворил иск результате лурье осталась без денег без жилья мосгорсуд второй кассационный суд признали это решение законным этого лурье обратилась верховный суд,защита полина лурий предлагать лариса долина заключить мировой соглашение рассказать адвокат лурий светлана свириденко сторона долина отвергнуть соглашение добавить адвокат лариса долина лето прошлое заявить стать жертва мошенник заставить продать квартира центр москва аферист обрабатывать певица течение четыре месяц предлог сохранение деньга уговорить перевести якобы безопасный счёт передать курьер сбережение средство продажа квартира общий ущерб оцениваться менее чем миллион рубль этот дело задержать четыре человек конец минувший ноябрь балашихинский городской суд приговорить лишение свобода срок четыре семь год оштрафовать каждый тысяча рубль наряду это долина оспорить сделка продажа квартира хамовнический районный суд москва март удовлетворить иск результат лурий остаться без деньга без жильё мосгорсуд второй кассационный суд признать это решение законный это лурий обратиться верховный суд
"Начался сбор вопросов к программе ""Итоги года с Путиным"" Вчера, 15:06","МОСКВА, 4 дек — РИА Новости. Стартовал сбор вопросов к программе ""Итоги года с Владимиром Путиным"", передает корреспондент РИА Новости. Отправить их можно через чат-бот на национальной платформе MАХ, а также в социальной сети "" ВКонтакте "". Кроме того, вопросы будут приниматься через сайт moskva-putinu.ru и в соцсети "" Одноклассники "". Обратиться к главе государства с вопросом можно и по телефону 8-800-200-40-40, а также с помощью СМС- или ММС-сообщения на номер 0-40-40. Программа выйдет в эфир 19 декабря в 12:00 мск. Прием вопросов будет осуществляться вплоть до ее окончания. В 2024-м ""Итоги года с Владимиром Путиным"" продлились четыре с половиной часа, за это время президент ответил на 76 вопросов. В сентябре представитель Кремля Дмитрий Песков уточнил, что в этом году прямую линию вновь совместят с большой пресс-конференцией.",стартовал сбор вопросов программе итоги владимиром путиным передает корреспондент отправить можно через чат бот национальной платформе mах социальной сети вконтакте кроме того вопросы будут приниматься через сайт moskva putinu соцсети одноклассники обратиться главе государства вопросом можно телефону помощью смс или ммс сообщения номер программа выйдет эфир декабря мск прием вопросов будет осуществляться вплоть окончания итоги владимиром путиным продлились четыре половиной часа это время президент ответил вопросов сентябре представитель кремля дмитрий песков уточнил году прямую линию вновь совместят большой пресс конференцией,стартовать сбор вопрос программа итог владимир путин передавать корреспондент отправить можно через чат бот национальный платформа mах социальный сеть вконтакте кроме тот вопрос быть приниматься через сайт moskva putinu соцсеть одноклассник обратиться глава государство вопрос можно телефон помощь смс или ммс сообщение номер программа выйти эфир декабрь мск приём вопрос быть осуществляться вплоть окончание итог владимир путин продлиться четыре половина час это время президент ответить вопрос сентябрь представитель кремль дмитрий песок уточнить год прямой линия вновь совместить большой пресс конференция
"Умер экс-глава Центробанка Сергей Дубинин Вчера, 20:20","МОСКВА, 4 дек — РИА Новости. Экс-председатель Центробанка Сергей Дубинин умер на 75-м году жизни, сообщается на сайте регулятора. Сергей Дубинин возглавлял Банк России с 1995 по 1998 год. Как отметили в ЦБ, на этой должности он внес большой вклад в осуществление стабилизационной экономической программы. Дубинин также поспособствовал выходу российской экономики из состояния гиперинфляции, существовавшего в первые годы после развала СССР. Помимо этого, он в значительной степени повлиял на формирование банковой системы страны, подчеркнули в регуляторе. Руководство Центробанка выразило соболезнования родным и близким умершего. Сергей Дубинин родился в 1950 году в Москве. В 1973-м окончил экономический факультет МГУ, после чего учился и работал на разных должностях в этом университете до 1991 года. Затем он перешел на должность экономического эксперта аппарата президента СССР, в 1992-м стал зампредседателя Госкомитета России по экономическому сотрудничеству со странами СНГ. В 1993 году Дубинин занял пост первого заместителя министра финансов России, в 1994-м также исполнял обязанности главы ведомства. В 1995 году был утвержден председателем Центробанка. В период его руководства ЦБ, в частности, провел деноминацию рубля.",экс председатель центробанка сергей дубинин умер году жизни сообщается сайте регулятора сергей дубинин возглавлял банк россии год отметили этой должности внес большой вклад осуществление стабилизационной экономической программы дубинин поспособствовал выходу российской экономики состояния гиперинфляции существовавшего первые годы развала ссср помимо этого значительной степени повлиял формирование банковой системы страны подчеркнули регуляторе руководство центробанка выразило соболезнования родным близким умершего сергей дубинин родился году москве окончил экономический факультет мгу чего учился работал разных должностях университете затем перешел должность экономического эксперта аппарата президента ссср стал зампредседателя госкомитета россии экономическому сотрудничеству странами снг году дубинин занял пост первого заместителя министра финансов россии исполнял обязанности главы ведомства году был утвержден председателем центробанка период руководства частности провел деноминацию рубля,экс председатель центробанк сергей дубинин умереть год жизнь сообщаться сайт регулятор сергей дубинин возглавлять банк россия год отметить этот должность внести большой вклад осуществление стабилизационный экономический программа дубинин поспособствовать выход российский экономика состояние гиперинфляция существовать первый год развал ссср помимо это значительный степень повлиять формирование банковый система страна подчеркнуть регулятор руководство центробанк выразить соболезнование родный близкие умерший сергей дубинин родиться год москва окончить экономический факультет мгу что учиться работать разный должность университет затем перейти должность экономический эксперт аппарат президент ссср стать зампредседателя госкомитет россия экономический сотрудничество страна снг год дубинин занять пост первый заместитель министр финансы россия исполнять обязанность глава ведомство год быть утвердить председатель центробанк период руководство частность провести деноминация рубль
"Россия вышла на исторический максимум по темпам цифровизации, заявил Шадаев Вчера, 15:01","НЬЮ-ДЕЛИ, 4 дек — РИА Новости. Темпы цифровизации в России достигли исторического максимума, заявил министр цифрового развития, связи и массовых коммуникаций Максут Шадаев. ""Как вы знаете, в 2022 году все ведущие западные вендоры покинули российский рынок. При этом мы по темпам цифровизации ключевых отраслей экономики и государственных структур вышли на исторический максимум. Расходы на информационные технологии в нашей стране последние пять-шесть лет растут в среднем больше чем на 20 процентов, — сказал он, выступая на Российско-индийском бизнес-форуме . По словам министра, образовалась большая ниша для новых проектов. Российская сторона внимательно наблюдает за развитием IT-индустрии в Индии , анализирует эффективность государственных программ поддержки отрасли и радуется успехам индийских разработчиков. Российские компании готовы обучать модели на базе искусственного интеллекта на инфраструктуре, которая будет формироваться в Индии, добавил Шадаев. Кроме того, Россия намерена обсуждать с ведущими индийскими разработчиками корпоративного ПО совместные проекты по созданию центров локализации, чтобы закрыть белые пятна, которые остались после ухода западных вендоров. Российско-индийский бизнес-форум проходит в Нью-Дели 4 и 5 декабря. РИА Новости и Sputnik выступают медиапартнерами мероприятия.",нью дели темпы цифровизации россии достигли исторического максимума министр цифрового развития связи массовых коммуникаций максут шадаев знаете году все ведущие западные вендоры покинули российский рынок темпам цифровизации ключевых отраслей экономики государственных структур вышли исторический максимум расходы информационные технологии нашей стране последние пять шесть лет растут среднем больше чем процентов выступая российско индийском бизнес форуме словам министра образовалась большая ниша новых проектов российская сторона внимательно наблюдает развитием индустрии индии анализирует эффективность государственных программ поддержки отрасли радуется успехам индийских разработчиков российские компании готовы обучать модели базе искусственного интеллекта инфраструктуре которая будет формироваться индии шадаев кроме того намерена обсуждать ведущими индийскими разработчиками корпоративного совместные проекты созданию центров локализации чтобы закрыть белые пятна которые остались ухода западных вендоров российско индийский бизнес форум проходит нью дели декабря sputnik выступают медиапартнерами мероприятия,нью дели темп цифровизация россия достигнуть исторический максимум министр цифровой развитие связь массовый коммуникация максут шадаев знать год всё ведущий западный вендор покинуть российский рынок темп цифровизация ключевой отрасль экономика государственный структура выйти исторический максимум расход информационный технология наш страна последний пять шесть год расти среднее большой чем процент выступать российско индийский бизнес форум слово министр образоваться больший ниша новый проект российский сторона внимательно наблюдать развитие индустрия индия анализировать эффективность государственный программа поддержка отрасль радоваться успех индийский разработчик российский компания готовый обучать модель база искусственный интеллект инфраструктура который быть формироваться индия шадаев кроме тот намерить обсуждать ведущий индийский разработчик корпоративный совместный проект создание центр локализация чтобы закрыть белые пятно который остаться уход западный вендор российско индийский бизнес форум проходить нью дели декабрь sputnik выступать медиапартнёр мероприятие
"В Приморье школьница спасла малыша, оказавшегося на карнизе третьего этажа Вчера, 06:33","ВЛАДИВОСТОК, 4 дек — РИА Новости. Школьница из Уссурийска получила медаль за спасение малыша, оказавшегося на карнизе третьего этажа, сообщила городская администрация. ""Пятнадцатилетняя Кристина Кухарь стала настоящей героиней, когда спасла жизнь четырехлетнему малышу, оказавшемуся на карнизе третьего этажа. Кристина быстро сориентировалась: позвонила в спецслужбы, а сама стала отвлекать малыша разговорами. Незамедлительная реакция и неравнодушие Кристины спасли мальчику жизнь и здоровье"", — говорится в релизе. Медаль ""За проявленное мужество"" вручила девочке сенатор от Приморья Людмила Талабаева. ""Кристина совершила большой геройский подвиг — спасла незнакомого мальчика от опасности. Хочется, чтобы мы все были такими, помогали друг другу, любили нашу страну Россию и свою малую родину"", — сказала она. Школьницу также поздравили депутат Законодательного собрания Приморского края Сергей Ищенко и советник главы Уссурийского городского округа , заслуженный учитель, почетный гражданин округа Галина Овсянникова.",владивосток школьница уссурийска получила медаль спасение малыша оказавшегося карнизе третьего этажа сообщила городская администрация пятнадцатилетняя кристина кухарь стала настоящей героиней когда спасла жизнь четырехлетнему малышу оказавшемуся карнизе третьего этажа кристина быстро сориентировалась позвонила спецслужбы сама стала отвлекать малыша разговорами незамедлительная реакция неравнодушие кристины спасли мальчику жизнь здоровье говорится релизе медаль проявленное мужество вручила девочке сенатор приморья людмила талабаева кристина совершила большой геройский подвиг спасла незнакомого мальчика опасности хочется чтобы все были такими помогали друг другу любили нашу страну россию свою малую родину сказала она школьницу поздравили депутат законодательного собрания приморского края сергей ищенко советник главы уссурийского городского округа заслуженный учитель почетный гражданин округа галина овсянникова,владивосток школьница уссурийск получить медаль спасение малыш оказаться карниз третий этаж сообщить городской администрация пятнадцатилетний кристина кухарь стать настоящий героиня когда спасти жизнь четырёхлетний малыш оказаться карниз третий этаж кристина быстро сориентироваться позвонить спецслужба сам стать отвлекать малыш разговор незамедлительный реакция неравнодушие кристина спасти мальчик жизнь здоровье говориться релиз медаль проявить мужество вручить девочка сенатор приморье людмила талабаев кристина совершить большой геройский подвиг спасти незнакомый мальчик опасность хотеться чтобы всё быть такой помогать друг друг любить наш страна россия свой малый родина сказать она школьница поздравить депутат законодательный собрание приморский край сергей ищенко советник глава уссурийский городской округ заслужить учитель почётный гражданин округ галина овсянников
"Верховный суд привлек дочь и внучку Долиной к спору вокруг продажи квартиры Вчера, 19:37","МОСКВА, 4 дек — РИА Новости. Верховный суд привлек дочь и внучку певицы Ларисы Долиной к спору вокруг продажи ее недвижимости. Третье лицо по иску — московское СИЗО. Ему поручено передать данные осужденной Анжелике Цырульниковой, забравшей у артистки деньги. Лариса Долина летом прошлого года заявила, что стала жертвой мошенников, заставивших ее продать квартиру в центре Москвы . Аферисты обрабатывали певицу в течение четырех месяцев и под предлогом сохранения денег уговорили ее перевести их на якобы безопасные счета и передать курьеру сбережения и средства от продажи квартиры. Общий ущерб оценивается не менее чем в 317 миллионов рублей. По этому делу задержали четырех человек. В конце ноября 2025-го Балашихинский городской суд приговорил их к лишению свободы на срок от четырех до семи лет и оштрафовал каждого на 900 тысяч рублей. Наряду с этим Долина оспорила сделку по продаже квартиры, а Хамовнический районный суд Москвы в марте удовлетворил ее иск. В результате Полина Лурье, купившая квартиру у Долиной, осталась и без денег, и без жилья. Мосгорсуд и Второй кассационный суд признали это решение законным. После этого Лурье обратилась в Верховный суд, ее жалобу рассмотрят 16 декабря.",верховный суд привлек дочь внучку певицы ларисы долиной спору вокруг продажи недвижимости третье лицо иску московское сизо ему поручено передать данные осужденной анжелике цырульниковой забравшей артистки деньги лариса долина летом прошлого заявила стала жертвой мошенников заставивших продать квартиру центре москвы аферисты обрабатывали певицу течение четырех месяцев предлогом сохранения денег уговорили перевести якобы безопасные счета передать курьеру сбережения средства продажи квартиры общий ущерб оценивается менее чем миллионов рублей этому делу задержали четырех человек конце ноября балашихинский городской суд приговорил лишению свободы срок четырех семи лет оштрафовал каждого тысяч рублей наряду этим долина оспорила сделку продаже квартиры хамовнический районный суд москвы марте удовлетворил иск результате полина лурье купившая квартиру долиной осталась без денег без жилья мосгорсуд второй кассационный суд признали это решение законным этого лурье обратилась верховный суд жалобу рассмотрят декабря,верховный суд привлечь дочь внучка певица лариса долина спор вокруг продажа недвижимость третий лицо иск московский сизый он поручить передать дать осудить анжелика цырульников забрать артистка деньга лариса долина лето прошлое заявить стать жертва мошенник заставить продать квартира центр москва аферист обрабатывать певица течение четыре месяц предлог сохранение деньга уговорить перевести якобы безопасный счёт передать курьер сбережение средство продажа квартира общий ущерб оцениваться менее чем миллион рубль этот дело задержать четыре человек конец ноябрь балашихинский городской суд приговорить лишение свобода срок четыре семь год оштрафовать каждый тысяча рубль наряду это долина оспорить сделка продажа квартира хамовнический районный суд москва март удовлетворить иск результат полина лурий купить квартира долина остаться без деньга без жильё мосгорсуд второй кассационный суд признать это решение законный это лурий обратиться верховный суд жалоба рассмотреть декабрь
"ВСУ хотели нанести ракетный удар во время концерта Shaman в Белгороде, заявила Мизулина Вчера, 17:49","МОСКВА, 4 дек — РИА Новости. Украинские войска собирались устроить атаку на концертную площадку в Белгороде, где должен был выступать певец Shaman, написала глава Лиги безопасного интернета Екатерина Мизулина в Telegram-канале. Мизулина добавила, что благодаря действиям местных властей, сотрудников МЧС и представителей Минобороны удалось не допустить трагедии. По ее словам, на обоих концертах ожидался аншлаг — билеты купили свыше двух тысяч человек. Накануне мэр Белгорода Валентин Демидов сообщил, что дворец культуры ""Энергомаш"", где в среду и четверг должны были состояться концерты Shaman, закрыты на три дня по техническим причинам. Певец должен был выступить там с новой сольной программой ""Победа!"".",украинские войска собирались устроить атаку концертную площадку белгороде где должен был выступать певец shaman написала глава лиги безопасного интернета екатерина мизулина telegram канале мизулина добавила благодаря действиям местных властей сотрудников мчс представителей минобороны удалось допустить трагедии словам обоих концертах ожидался аншлаг билеты купили свыше двух тысяч человек накануне мэр белгорода валентин демидов дворец культуры энергомаш где среду четверг должны были состояться концерты shaman закрыты три дня техническим причинам певец должен был выступить там новой сольной программой победа,украинский войско собираться устроить атака концертный площадка белгород где должный быть выступать певец shaman написать глава лига безопасный интернет екатерина мизулин telegram канал мизулин добавить благодаря действие местный власть сотрудник мчс представитель минобороны удаться допустить трагедия слово оба концерт ожидаться аншлаг билет купить свыше два тысяча человек накануне мэр белгород валентин демид дворец культура энергомаш где среда четверг должный быть состояться концерт shaman закрытый три день технический причина певец должный быть выступить там новый сольный программа победа
"Spiegel опубликовал расшифровку тайного разговора лидеров ЕС с Зеленским Вчера, 16:42","МОСКВА, 4 дек — РИА Новости. Немецкий журнал Spiegel опубликовал расшифровку тайного телефонного разговора лидеров ЕС с Владимиром Зеленским об урегулировании между Москвой и Киевом. ""Главы европейских государств и правительств, по всей видимости, испытывают глубокое недоверие к США в мирных переговорах с Россией и Украиной"", — пишет издание. Беседа состоялась в понедельник, в ней среди прочих приняли участие канцлер ФРГ Фридрих Мерц, президент Франции Эммануэль Макрон , генсек НАТО Марк Рютте, лидер Финляндии Александр Стубб, глава Еврокомиссии Урсула фон дер Ляйен. По его мнению, для Зеленского существует большая опасность. Со своей стороны, Мерц призвал его быть крайне осторожным в ближайшие дни. ""Они играют в игры как с вами, так и с нами"", — сказал канцлер, вероятно, намекая на спецпосланника президента США Стива Уиткоффа и зятя Дональда Трампа Джареда Кушнера. Стубб призвал европейцев не оставлять Зеленского ""наедине с этими ребятами"", защищать главу киевского режима предложил и Рютте. В публикации указано, что европейцы планировали провести переговоры с Уиткоффом и Кушнером, но встреча не состоялась. Также участники разговора выступили с утверждением, что вправе сами решать судьбу замороженных российских активов. Стубб и Мерц отказались от комментариев по поводу этого разговора, а Рютте проигнорировал запрос журнала. Представитель Зеленского также не стал отвечать на вопрос о содержание беседы. В Елисейском дворце попытались опровергнуть заявления Макрона об угрозе предательства со стороны американцев, но подробностей не привели. Несколько участников встречи уточнили, что разговор действительно состоялся. Двое из них заявили, что его содержание передано точно, но отказались подтвердить цитаты, сославшись на конфиденциальность. В конце ноября Белый дом заявил о разработке предложения по урегулированию ситуации на Украине. По данным зарубежных СМИ, план включает передачу под контроль Москвы территории Донбасса, официальное признание его и Крыма российскими, заморозку большей части линии соприкосновения в Запорожской и Херсонской областях, сокращение ВСУ в два раза, запрет размещать на Украине иностранные войска и оружие, способное бить вглубь России. Как отмечал президент Владимир Путин, изначальный мирный план Соединенных Штатов может стать основой будущих договоренностей, но перед этим необходимо скрупулезно проработать каждый пункт. Путин принял Уиткоффа и Кушнера в Москве во вторник. Стороны около пяти часов обсуждали суть мирного плана, компромиссный вариант найти пока не удалось. Они договорились продолжать работу. Позднее российский лидер рассказал, что встреча была полезной. Вашингтон разделил 27 пунктов плана на четыре пакета и предложил обсуждать их отдельно. Путин отметил, что ему пришлось пройти почти по каждому из них, были вопросы, с которыми Россия не согласна. Говорить, что конкретно подходит Москве, преждевременно. Это может помешать работе, которую пытаются организовать США, занимаясь челночной дипломатией, добавил президент.",немецкий журнал spiegel опубликовал расшифровку тайного телефонного разговора лидеров владимиром зеленским урегулировании между москвой киевом главы европейских государств правительств всей видимости испытывают глубокое недоверие мирных переговорах россией украиной пишет издание беседа состоялась понедельник ней среди прочих приняли участие канцлер фрг фридрих мерц президент франции эммануэль макрон генсек нато марк рютте лидер финляндии александр стубб глава еврокомиссии урсула фон дер ляйен мнению зеленского существует большая опасность своей стороны мерц призвал быть крайне осторожным ближайшие дни играют игры вами нами канцлер вероятно намекая спецпосланника президента стива уиткоффа зятя дональда трампа джареда кушнера стубб призвал европейцев оставлять зеленского наедине этими ребятами защищать главу киевского режима предложил рютте публикации указано европейцы планировали провести переговоры уиткоффом кушнером встреча состоялась участники разговора выступили утверждением вправе сами решать судьбу замороженных российских активов стубб мерц отказались комментариев поводу этого разговора рютте проигнорировал запрос журнала представитель зеленского стал отвечать вопрос содержание беседы елисейском дворце попытались опровергнуть заявления макрона угрозе предательства стороны американцев подробностей привели несколько участников встречи уточнили разговор действительно состоялся двое них заявили содержание передано точно отказались подтвердить цитаты сославшись конфиденциальность конце ноября белый дом разработке предложения урегулированию ситуации украине данным зарубежных сми план включает передачу контроль москвы территории донбасса официальное признание крыма российскими заморозку большей части линии соприкосновения запорожской херсонской областях сокращение два раза запрет размещать украине иностранные войска оружие способное бить вглубь россии отмечал президент владимир изначальный мирный план соединенных штатов может стать основой будущих договоренностей перед этим необходимо скрупулезно проработать каждый пункт принял уиткоффа кушнера москве вторник стороны около пяти часов обсуждали суть мирного плана компромиссный вариант найти пока удалось договорились продолжать работу позднее российский лидер рассказал встреча была полезной вашингтон разделил пунктов плана четыре пакета предложил обсуждать отдельно ему пришлось пройти почти каждому них были вопросы которыми согласна говорить конкретно подходит москве преждевременно это может помешать работе которую пытаются организовать занимаясь челночной дипломатией президент,немецкий журнал spiegel опубликовать расшифровка тайный телефонный разговор лидер владимир зеленский урегулирование между москва киев глава европейский государство правительство весь видимость испытывать глубокий недоверие мирный переговоры россия украина писать издание беседа состояться понедельник она среди прочий принять участие канцлер фрг фридрих мерц президент франция эммануэль макрон генсек нато марк рютта лидер финляндия александр стубба глава еврокомиссия урсула фон дер ляйена мнение зеленский существовать больший опасность свой сторона мерц призвать быть крайне осторожный близкий день играть игра вы мы канцлер вероятно намекать спецпосланник президент стив уиткофф зять дональд трамп джареда кушнер стубба призвать европеец оставлять зеленский наедине этот ребята защищать глава киевский режим предложить рютта публикация указать европеец планировать провести переговоры уиткофф кушнер встреча состояться участник разговор выступить утверждение вправе сам решать судьба заморозить российский актив стубба мерц отказаться комментарий повод это разговор рютта проигнорировать запрос журнал представитель зеленский стать отвечать вопрос содержание беседа елисейский дворец попытаться опровергнуть заявление макрон угроза предательство сторона американец подробность привести несколько участник встреча уточнить разговор действительно состояться двое они заявить содержание передать точно отказаться подтвердить цитата сослаться конфиденциальность конец ноябрь белый дом разработка предложение урегулирование ситуация украина данные зарубежный сми план включать передача контроль москва территория донбасс официальный признание крым российский заморозка больший часть линия соприкосновение запорожский херсонский область сокращение два раз запрет размещать украина иностранный войско оружие способный бить вглубь россия отмечать президент владимир изначальный мирный план соединить штат мочь стать основа будущий договорённость перед это необходимо скрупулёзно проработать каждый пункт принять уиткофф кушнер москва вторник сторона около пять час обсуждать быть мирный план компромиссный вариант найти пока удаться договориться продолжать работа поздний российский лидер рассказать встреча быть полезный вашингтон разделить пункт план четыре пакет предложить обсуждать отдельно он прийтись пройти почти каждый они быть вопрос который согласный говорить конкретно подходить москва преждевременно это мочь помешать работа который пытаться организовать заниматься челночный дипломатия президент
"""Управляет Зеленский"". СМИ рассказали о новом коррупционном скандале в ЕС Вчера, 17:20","МОСКВА, 4 дек — РИА Новости . Коррупционный скандал в ЕС стал ударом для сторонников продолжения поддержки Украины,  пишет британский журналист Мартин Джей в статье для Strategic Culture . ""Для тех, кто надеялся, что нынешний коррупционный скандал на Украине с участием близких соратников Зеленского уляжется и бизнес, связанный с войной, отмыванием денег и торговлей оружием, сможет возобновиться при финансовой поддержке доверчивой западной общественности, новость об аресте Федерики Могерини в Бельгии , должно быть, стала ударом"", — заявил Джей. Журналист отметил, что арест случился в худшее время для Евросоюза и его лидеров, так как те продолжали ""цепляться"" за надежду на изменение положение Киева на фронте или смену курса президента США Дональда Трампа . При этом Джей отметил, что американский лидер поощряет публикации в прессе о коррупции на Украине, тем самым признавая огромный масштаб хищений. ""Скандал в ЕС лишь подчеркивает второстепенный момент, который предпочли бы не замечать. Брюссель имеет собственные проблемы с коррупцией, и до сих пор большинство европейцев не связывают воедино факты и не связывают коррупцию в бельгийской столице с массовым отмыванием денег, которым управляет Зеленский с помощью денежных средств ЕС. До сих пор"", — заключил автор статьи. В начале недели стало известно, что полиция Бельгии по поручению Европейской прокуратуры провела обыски в Европейском колледже, а также в зданиях внешнеполитической службы ЕС в Брюсселе . Были задержаны, допрошены и затем отпущены из-под стражи три человека, включая экс-главу евродипломатии Федерику Могерини , директора департамента внешнеполитической службы Стефано Саннино и еще одного действующего чиновника. Они подозреваются в махинациях с финансированием колледжа, обвинения им пока не предъявлены. Позднее 4 декабря издание Euractiv сообщило о том, что Могерини ушла с поста директора дипломатического Европейского колледжа. До этого в отставку подал также проходящий по этому делу высокопоставленный чиновник внешнеполитической службы ЕС Стефано Саннино.",коррупционный скандал стал ударом сторонников продолжения поддержки украины пишет британский журналист мартин джей статье strategic culture тех кто надеялся нынешний коррупционный скандал украине участием близких соратников зеленского уляжется бизнес связанный войной отмыванием денег торговлей оружием сможет возобновиться финансовой поддержке доверчивой западной общественности новость аресте федерики могерини бельгии должно быть стала ударом джей журналист арест случился худшее время евросоюза лидеров продолжали цепляться надежду изменение положение киева фронте или смену курса президента дональда трампа джей американский лидер поощряет публикации прессе коррупции украине тем самым признавая огромный масштаб хищений скандал лишь подчеркивает второстепенный момент который предпочли замечать брюссель имеет собственные проблемы коррупцией сих пор большинство европейцев связывают воедино факты связывают коррупцию бельгийской столице массовым отмыванием денег которым управляет зеленский помощью денежных средств сих пор заключил автор статьи начале недели стало известно полиция бельгии поручению европейской прокуратуры провела обыски европейском колледже зданиях внешнеполитической службы брюсселе были задержаны допрошены затем отпущены стражи три человека включая экс главу евродипломатии федерику могерини директора департамента внешнеполитической службы стефано саннино еще одного действующего чиновника подозреваются махинациях финансированием колледжа обвинения пока предъявлены позднее декабря издание euractiv сообщило том могерини ушла поста директора дипломатического европейского колледжа этого отставку подал проходящий этому делу высокопоставленный чиновник внешнеполитической службы стефано саннино,коррупционный скандал стать удар сторонник продолжение поддержка украина писать британский журналист мартин джей статья strategic culture тот кто надеяться нынешний коррупционный скандал украина участие близкий соратник зеленский улечься бизнес связанный война отмывание деньга торговля оружие смочь возобновиться финансовый поддержка доверчивый западный общественность новость арест федерик могериня бельгия должный быть стать удар джей журналист арест случиться плохой время евросоюз лидер продолжать цепляться надежда изменение положение киев фронт или смена курс президент дональд трамп джей американский лидер поощрять публикация пресса коррупция украина тем самый признавать огромный масштаб хищение скандал лишь подчёркивать второстепенный момент который предпочесть замечать брюссель иметь собственный проблема коррупция сей пора большинство европеец связывать воедино факт связывать коррупция бельгийский столица массовый отмывание деньга который управлять зеленский помощь денежный средство сей пора заключить автор статья начало неделя стать известно полиция бельгия поручение европейский прокуратура провести обыск европейский колледж здание внешнеполитический служба брюссель быть задержать допросить затем отпустить стража три человек включая экс глава евродипломатия федерик могериня директор департамент внешнеполитический служба стефано саннино ещё один действовать чиновник подозреваться махинация финансирование колледж обвинение пока предъявить поздний декабрь издание euractiv сообщить тот могериня уйти пост директор дипломатический европейский колледж это отставка подать проходить этот дело высокопоставленный чиновник внешнеполитический служба стефано саннино
"Четыре страны бойкотируют ""Евровидение-2026"" из-за участия Израиля 00:15","МОСКВА, 4 дек - РИА Новости. Словения в числе ряда других стран бойкотирует конкурс песни ""Евровидение-2026"" в Вене из-за участия в нем Израиля, сообщает национальное агентство STA . Ранее о бойкоте ""Евровидения"" сообщили вещатели Нидерландов , Испании и Ирландии . ""Решение общественного вещателя Словении RTV было подтверждено председателем его правления Наталией Горшчак"", - сообщает агентство. В октябре Европейский вещательный союз (EBU) отменил голосование о недопуске Израиля до участия в ""Евровидении"" в 2026 году и перенес решение вопроса с ноября на декабрь в свете перемирия на Ближнем Востоке . В итоге в четверг EBU принял решение в пользу допуска Израиля. Конкурс песни ""Евровидение"" в 2026 году пройдёт в Вене после победы весной 2025 года исполнителя из Австрии . Полуфиналы 70-го по счету конкурса состоятся 12 и 14 мая, а финал – 16 мая на арене Wiener Stadthalle. ""Евровидение"" - международный музыкальный конкурс, который проходит под эгидой Европейского вещательного союза . В 2025 году выступления состоялись в швейцарском Базеле . Победителем стал австрийский певец Йоханнес Питч с песней Wasted love. Россия не участвует в ""Евровидении"" с 2022 года, тем не менее, за годы своего участия страна неоднократно входила в число фаворитов, а в 2008 году она одержала победу с песней Believe, которую исполнил Дима Билан .",словения числе ряда других стран бойкотирует конкурс песни евровидение вене участия нем израиля сообщает национальное агентство sta ранее бойкоте евровидения сообщили вещатели нидерландов испании ирландии решение общественного вещателя словении rtv было подтверждено председателем правления наталией горшчак сообщает агентство октябре европейский вещательный союз ebu отменил голосование недопуске израиля участия евровидении году перенес решение вопроса ноября декабрь свете перемирия ближнем востоке итоге четверг ebu принял решение пользу допуска израиля конкурс песни евровидение году пройдёт вене победы весной исполнителя австрии полуфиналы счету конкурса состоятся мая финал мая арене wiener stadthalle евровидение международный музыкальный конкурс который проходит эгидой европейского вещательного союза году выступления состоялись швейцарском базеле победителем стал австрийский певец йоханнес питч песней wasted love участвует евровидении тем менее годы своего участия страна неоднократно входила число фаворитов году она одержала победу песней believe которую исполнил дима билан,словения число ряд другой страна бойкотировать конкурс песня евровидение вена участие немой израиль сообщать национальный агентство sta ранее бойкот евровидение сообщить вещатель нидерланды испания ирландия решение общественный вещатель словения rtv быть подтвердить председатель правление наталия горшчак сообщать агентство октябрь европейский вещательный союз ebu отменить голосование недопуск израиль участие евровидение год перенести решение вопрос ноябрь декабрь свет перемирие ближний восток итог четверг ebu принять решение польза допуск израиль конкурс песня евровидение год пройти вена победа весна исполнитель австрия полуфинал счёт конкурс состояться май финал май арена wiener stadthalle евровидение международный музыкальный конкурс который проходить эгида европейский вещательный союз год выступление состояться швейцарский базель победитель стать австрийский певец йоханнес питч песня wasted love участвовать евровидение тем менее год свой участие страна неоднократно входить число фаворит год она одержать победа песня believe который исполнить дима билан
"Экс-полицейский снова получил 7 лет за фейки о ВС России Вчера, 23:43","МОСКВА, 4 дек - РИА Новости. Перовский суд Москвы приговорил к 7 годам колонии бывшего полицейского Сергея Клокова (Семиэля Веделя) по делу о фейках о ВС РФ, сообщил его адвокат Даниил Берман. ""Семь лет лишения свободы"", - сообщил Берман в Telegram-канале. Мосгорсуд в июле 2024 года отменил 7-летний приговор бывшему технику запасного пункта управления столичного главка МВД Сергею Клокову (Веделю) за распространение заведомо ложной информации об использовании Вооруженных сил России , дело вернули прокурору, сообщил тогда РИА Новости Берман. Позднее оно снова было передано в суд. Клоков – один из первых в России фигурантов по статье УК РФ о фейках о российской армии. До ареста он занимал должность техника запасного пункта управления столичного главка МВД. Мужчина внесен в перечень террористов и экстремистов Росфинмониторинга .",перовский суд москвы приговорил годам колонии бывшего полицейского сергея клокова семиэля веделя делу фейках адвокат даниил берман семь лет лишения свободы берман telegram канале мосгорсуд июле отменил летний приговор бывшему технику запасного пункта управления столичного главка мвд сергею клокову веделю распространение заведомо ложной информации использовании вооруженных сил россии дело вернули прокурору тогда берман позднее оно снова было передано суд клоков один первых россии фигурантов статье фейках российской армии ареста занимал должность техника запасного пункта управления столичного главка мвд мужчина внесен перечень террористов экстремистов росфинмониторинга,перовский суд москва приговорить год колония бывший полицейский сергей клокова семиэль веделить дело фейк адвокат даниил берман семь год лишение свобода берман telegram канал мосгорсуд июль отменить летний приговор бывший техника запасной пункт управление столичный главка мвд сергей клокова веделить распространение заведомо ложный информация использование вооружённый сила россия дело вернуть прокурор тогда берман поздний оно снова быть передать суд клок один первый россия фигурант статья фейк российский армия арест занимать должность техника запасной пункт управление столичный главка мвд мужчина внести перечень террорист экстремист росфинмониторинг
"Матч Евролиги перенесли из-за затопления арены в Греции Вчера, 22:02","МОСКВА, 4 дек - РИА Новости. Матч регулярного чемпионата баскетбольной Евролиги между греческим ""Олимпиакосом"" и турецким ""Фенербахче"" перенесен из-за сильного дождя, сообщается в аккаунте турнира в соцсети X. Встреча в греческом городе Пирей должна была пройти в четверг и начаться в 22:15 мск. По данным BasketNews, из-за сильных дождей произошло подтопление арены "" Олимпиакоса "", что сделало проведение матча невозможным. Новую дату проведения встречи назовут позднее.",матч регулярного чемпионата баскетбольной евролиги между греческим олимпиакосом турецким фенербахче перенесен сильного дождя сообщается аккаунте турнира соцсети встреча греческом городе пирей должна была пройти четверг начаться мск данным basketnews сильных дождей произошло подтопление арены олимпиакоса сделало проведение матча невозможным новую дату проведения встречи назовут позднее,матч регулярный чемпионат баскетбольный евролига между греческий олимпиакос турецкий фенербахча перенести сильный дождь сообщаться аккаунт турнир соцсеть встреча греческий город пирей должный быть пройти четверг начаться мск данные basketnews сильный дождь произойти подтопление арена олимпиакос сделать проведение матч невозможный новый дата проведение встреча назвать поздний
"Главы США, Канады и Мексики примут участие в жеребьевке ЧМ-2026 Вчера, 21:11","МОСКВА, 4 дек - РИА Новости. Президент США Дональд Трамп, премьер-министр Канады Марк Карни и президент Мексики Клаудия Шейнбаум подтвердили свое участие в жеребьевке финальной части чемпионата мира по футболу 2026 года, сообщается на сайте Международной федерации футбола (ФИФА). Жеребьевка состоится 5 декабря в Центре исполнительских искусств имени Джона Кеннеди в Вашингтоне. Ранее сообщалось, что проводить жеребьевку будет экс-капитан сборной Англии по футболу Рио Фердинанд и телеведущая Саманта Джонсон. Ассистентами для распределения национальных команд по группам станут четырехкратный обладатель Кубка Стэнли Уэйн Гретцки, четырехкратный чемпион Национальной баскетбольной ассоциации (НБА) Шакил О'Нил, семикратный победитель Супербоула Том Брэди и бейсболист Аарон Джадж. Предстоящий чемпионат мира станет первым, который примут три государства: США, Канада и Мексика. Соревнования пройдут с 11 июня по 19 июля 2026 года. Также в турнире впервые примут участие 48 стран, которые в процессе жеребьевки будут разделены на 12 групп по четыре команды.",президент дональд трамп премьер министр канады марк карни президент мексики клаудия шейнбаум подтвердили свое участие жеребьевке финальной части чемпионата мира футболу сообщается сайте международной федерации футбола фифа жеребьевка состоится декабря центре исполнительских искусств имени джона кеннеди вашингтоне ранее сообщалось проводить жеребьевку будет экс капитан сборной англии футболу рио фердинанд телеведущая саманта джонсон ассистентами распределения национальных команд группам станут четырехкратный обладатель кубка стэнли уэйн гретцки четырехкратный чемпион национальной баскетбольной ассоциации нба шакил нил семикратный победитель супербоула том брэди бейсболист аарон джадж предстоящий чемпионат мира станет первым который примут три государства канада мексика соревнования пройдут июня июля турнире впервые примут участие стран которые процессе жеребьевки будут разделены групп четыре команды,президент дональд трамп премьер министр канада марк карни президент мексика клаудия шейнбаум подтвердить свой участие жеребьёвка финальный часть чемпионат мир футбол сообщаться сайт международный федерация футбол фифа жеребьёвка состояться декабрь центр исполнительский искусство имя джон кеннеди вашингтон ранее сообщаться проводить жеребьёвка быть экс капитан сборная англия футбол рио фердинанд телеведущий саманта джонсон ассистент распределение национальный команда группа стать четырёхкратный обладатель кубок стэнли уэйн гретцк четырёхкратный чемпион национальный баскетбольный ассоциация нба шакил нил семикратный победитель супербоул тот брэдить бейсболист аарон джадж предстоящий чемпионат мир стать первый который принять три государство канада мексика соревнование пройти июнь июль турнир впервые принять участие страна который процесс жеребьёвка быть разделить группа четыре команда
"""Романтичный хоккей"": Буше оценил игру ""Авангарда"" против ""Сочи"" Вчера, 21:46","МОСКВА, 4 дек - РИА Новости. Игроки ""Авангарда"" полтора периода матча регулярного чемпионата Континентальной хоккейной лиги (КХЛ) с ""Сочи"" демонстрировали романтичный хоккей, нужно показывать более зрелую игру, заявил главный тренер омской команды канадец Ги Буше. В четверг ""Авангард"" дома обыграл ""Сочи"" со счетом 5:2. Омичи по ходу встречи уступали со счетом 0:1 и 1:2. ""Проявилась проблема, когда мы пропускаем, то начинаем паниковать и начинаем искать любые возможности, чтобы вернуться в игру, отходя от своего плана на игру. Это психологический момент, наша зрелость еще не на должном уровне, потому что коллектив молодой, много новых ребят. Контролировали игру, стоило пропустить и стали совершать ошибки, появился брак, просто саботировали матч. Надо взрослеть, уметь перестраиваться быстрее"" - добавил тренер. ""Авангард"" с 43 очками занимает третье место в таблице Восточной конференции. 7 декабря команда примет московский ""Спартак"".",игроки авангарда полтора периода матча регулярного чемпионата континентальной хоккейной лиги кхл сочи демонстрировали романтичный хоккей нужно показывать более зрелую игру главный тренер омской команды канадец буше четверг авангард дома обыграл сочи счетом омичи ходу встречи уступали счетом проявилась проблема когда пропускаем начинаем паниковать начинаем искать любые возможности чтобы вернуться игру отходя своего плана игру это психологический момент наша зрелость еще должном уровне потому коллектив молодой много новых ребят контролировали игру стоило пропустить стали совершать ошибки появился брак просто саботировали матч надо взрослеть уметь перестраиваться быстрее тренер авангард очками занимает третье место таблице восточной конференции декабря команда примет московский спартак,игрок авангард полтора период матч регулярный чемпионат континентальный хоккейный лига кхл сочи демонстрировать романтичный хоккей нужно показывать более зрелый игра главный тренер омский команда канадец буш четверг авангард дом обыграть сочи счёт омич ход встреча уступать счёт проявиться проблема когда пропускать начинать паниковать начинать искать любой возможность чтобы вернуться игра отходить свой план игра это психологический момент наш зрелость ещё должный уровень потому коллектив молодой много новый ребята контролировать игра стоить пропустить стать совершать ошибка появиться брак просто саботировать матч надо взрослеть уметь перестраиваться быстрый тренер авангард очки занимать третий место таблица восточный конференция декабрь команда принять московский спартак
"Яннис Адетокунбо пропустит несколько недель из-за травмы Вчера, 20:45","МОСКВА, 4 дек - РИА Новости. Греческий баскетболист ""Милуоки Бакс"" Яннис Адетокунбо пропустит от двух до четырех недель из-за растяжения икроножной мышцы, сообщает ESPN. В среду "" Милуоки Бакс "" дома обыграл "" Кливленд Кавальерс "" (113:109) в матче регулярного чемпионата Национальной баскетбольной ассоциации (НБА). На третьей минуте первой четверти Адетокунбо получил неконтактную травму правой ноги. Отмечается, что Адетокунбо из-за травмы может не набрать необходимое количество игр (65), чтобы претендовать на индивидуальные награды по итогам сезона. Ранее СМИ сообщали, что баскетболист попросил обмен у руководства ""Бакс"". Адетокунбо 30 лет. В нынешнем сезоне он в среднем набирал 30,6 очка и делал 10,7 подбора. В середине ноября игрок пропустил четыре матча из-за растяжения паховой мышцы.",греческий баскетболист милуоки бакс яннис адетокунбо пропустит двух четырех недель растяжения икроножной мышцы сообщает espn среду милуоки бакс дома обыграл кливленд кавальерс матче регулярного чемпионата национальной баскетбольной ассоциации нба третьей минуте первой четверти адетокунбо получил неконтактную травму правой ноги отмечается адетокунбо травмы может набрать необходимое количество игр чтобы претендовать индивидуальные награды итогам сезона ранее сми сообщали баскетболист попросил обмен руководства бакс адетокунбо лет нынешнем сезоне среднем набирал очка делал подбора середине ноября игрок пропустил четыре матча растяжения паховой мышцы,греческий баскетболист милуока бакс яннис адетокунбо пропустить два четыре неделя растяжение икроножный мышца сообщать espn среда милуока бакс дом обыграть кливленд кавальерс матч регулярный чемпионат национальный баскетбольный ассоциация нба третий минута первый четверть адетокунбо получить неконтактный травма правый нога отмечаться адетокунбо травма мочь набрать необходимый количество игра чтобы претендовать индивидуальный награда итог сезон ранее сми сообщать баскетболист попросить обмен руководство бакс адетокунбо год нынешний сезон среднее набирать очко делать подбор середина ноябрь игрок пропустить четыре матч растяжение паховой мышца
